Partidos_ID;Ans_1;Ans_2;Ans_3;Ans_4;Ans_5;Ans_6;Ans_7;Ans_8;Ans_9;Ans_10;Ans_11;Ans_12;Ans_13;Ans_14;Ans_15;Ans_16;Ans_17;Ans_18;Ans_19;Ans_20;Ans_21;Ans_22;Ans_23;Ans_24;Ans_25;Ans_26;Ans_27;Ans_28;Ans_29;Ans_30;X;Y;Z;Country;country
SPO;5;2;4;2;2;5;4;2;4;4;2;5;4;5;1;5;5;4;5;5;3;4;4;1;1;1;4;4;4;2;-0.888888889;-0.5;0.277777778;Austria;Austria
OVP;5;4;5;2;2;5;4;4;4;4;2;3;2;2;4;2;3;2;1;4;2;3;99;4;4;4;5;4;4;3;0.333333333;0.357142857;0.333333333;Austria;Austria
FPO;2;2;1;2;5;3;5;5;4;1;1;4;3;2;4;3;4;4;3;5;1;4;2;4;5;5;5;5;1;1;-0.166666667;0.6875;-0.555555556;Austria;Austria
Grune;5;4;5;2;2;5;4;1;2;4;2;5;3;4;1;5;5;4;5;4;5;4;4;2;1;1;2;2;5;1;-0.722222222;-0.75;0.611111111;Austria;Austria
NEOS;5;4;4;1;2;5;4;3;2;4;2;2;2;1;3;2;3;2;2;1;4;5;99;2;1;1;3;2;4;1;0.5;-0.642857143;0.5;Austria;Austria
BZO;4;2;2;4;4;4;5;5;4;2;1;4;1;2;4;2;3;4;3;1;1;2;2;4;4;2;4;5;1;1;0.277777778;0.5;-0.388888889;Austria;Austria
ANDERS;4;4;5;2;1;3;4;99;99;5;1;5;99;5;1;5;5;4;4;4;4;5;99;99;1;2;2;99;4;2;-0.8125;-0.666666667;0.357142857;Austria;Austria
REKOS;3;1;99;5;5;2;5;5;99;99;1;99;1;2;5;2;99;99;99;4;1;4;99;99;5;5;99;5;2;99;0.5;0.6;-0.785714286;Austria;Austria
EU.STOP;1;1;2;5;5;1;4;5;99;4;1;4;4;4;2;5;99;4;3;99;1;4;99;99;99;99;99;5;2;2;-0.5;;-0.9375;Austria;Austria
GERB;5;99;4;2;2;5;2;3;3;1;2;2;4;1;99;2;4;4;1;5;2;2;4;2;4;99;4;4;3;2;0.75;0.166666667;0.6;Bulgaria;Bulgaria
BSP;5;99;5;4;2;5;2;5;2;4;4;5;1;4;4;2;3;2;5;1;1;2;2;99;2;2;5;4;2;2;-0.785714286;-0.125;0.3;Bulgaria;Bulgaria
MovementRights;4;99;5;3;2;5;3;4;2;2;2;2;4;4;4;3;3;4;4;5;2;4;2;99;4;99;4;5;2;2;0.285714286;0;0.4;Bulgaria;Bulgaria
Attack;2;2;2;5;99;1;4;5;5;5;99;5;1;4;5;5;3;1;5;1;1;1;1;4;5;4;5;1;2;5;-1;0.875;-0.75;Bulgaria;Bulgaria
RB;5;4;5;1;2;5;3;1;4;1;2;1;4;1;2;3;3;4;2;4;2;99;5;99;3;3;3;4;2;2;0.642857143;-0.125;0.916666667;Bulgaria;Bulgaria
BwC;4;2;4;3;2;4;4;5;4;2;2;4;1;5;4;4;3;2;4;1;2;1;2;4;5;2;99;2;2;2;-0.5;0.333333333;0;Bulgaria;Bulgaria
ABV;4;2;5;4;2;4;3;5;4;4;5;4;1;4;4;2;3;2;5;1;2;2;2;99;3;2;99;3;2;2;-0.714285714;-0.166666667;0;Bulgaria;Bulgaria
NFSB;3;2;3;4;2;4;99;5;5;4;4;5;2;4;5;4;3;1;4;1;1;3;2;5;5;99;5;1;2;4;-0.785714286;1;-0.25;Bulgaria;Bulgaria
SDP.Kukuriku;5;99;4;4;1;5;2;4;2;4;2;2;2;3;2;2;1;2;2;2;3;4;4;1;2;1;4;2;5;5;0.25;-0.416666667;0.5;Croatia;Croatia
HDZ;4;2;4;4;1;5;2;2;2;3;2;2;3;2;3;4;5;3;5;2;2;4;1;2;5;4;5;5;4;4;0.125;0.583333333;0.2;Croatia;Croatia
Laburisti;3;99;4;4;2;4;4;4;2;5;1;5;5;3;3;2;5;4;3;4;4;4;5;2;2;1;4;2;5;1;-0.5;-0.5;0.125;Croatia;Croatia
OraH;4;4;4;4;1;4;4;4;2;5;1;2;4;99;1;99;5;2;99;4;4;4;5;2;1;1;1;2;5;99;-0.125;-0.833333333;0.3;Croatia;Croatia
NfiHSLS;4;99;5;99;99;4;99;1;1;1;3;1;1;3;3;4;5;1;5;2;4;4;99;99;2;2;4;4;4;4;1;-0.166666667;0.666666667;Croatia;Croatia
SavezZaHrv;4;1;2;5;2;3;4;5;3;4;2;2;4;99;2;4;5;4;5;2;1;99;4;2;5;5;5;5;1;1;-0.375;1;-0.4;Croatia;Croatia
HSP.AS;2;2;2;4;2;4;4;4;99;3;2;2;3;4;2;4;4;4;5;3;1;2;2;4;5;5;5;5;1;2;-0.166666667;1;-0.3;Croatia;Croatia
DISY;5;3;4;4;2;4;5;2;2;1;2;4;1;3;3;1;1;1;2;1;2;2;2;5;2;1;3;4;1;4;0.611111111;0.166666667;0.75;Cyprus;Cyprus
AKEL;2;4;2;5;4;1;2;4;5;2;5;1;4;5;5;5;5;5;5;4;5;4;1;2;2;5;3;4;1;3;-0.833333333;-0.416666667;-0.5;Cyprus;Cyprus
DIKO;4;4;3;4;3;2;4;2;2;2;4;2;2;3;3;2;2;4;4;3;3;4;2;4;2;4;4;2;2;4;0.055555556;0.25;0.25;Cyprus;Cyprus
EDEK;4;4;2;4;2;1;4;4;4;2;4;1;4;4;5;4;4;5;5;4;2;4;2;2;2;3;5;4;4;3;-0.555555556;0;0.25;Cyprus;Cyprus
EuroKo;4;2;4;2;2;4;4;4;2;2;4;4;1;4;4;4;2;4;4;1;2;4;2;4;2;6;5;3;5;5;-0.166666667;0.75;0.5;Cyprus;Cyprus
KOP;3;3;2;2;4;1;3;4;4;3;4;2;5;4;5;2;6;4;4;3;4;5;2;2;2;2;4;4;4;2;-0.375;-0.083333333;-0.25;Cyprus;Cyprus
Symmachia;4;2;1;1;4;2;4;4;4;2;4;2;4;4;5;5;5;5;5;2;2;4;2;4;2;5;5;2;5;4;-0.666666667;0.666666667;-0.125;Cyprus;Cyprus
ELAM;1;4;2;1;5;3;2;4;5;3;5;2;3;4;5;3;5;3;5;1;4;4;2;5;5;5;5;1;5;5;-0.611111111;1;-0.75;Cyprus;Cyprus
CSSD;5;2;4;2;2;5;2;99;2;5;4;4;4;2;4;4;2;1;5;2;2;4;2;3;2;4;4;4;1;3;-0.642857143;-0.125;0.5625;Czech Republic;Czech Republic
ANO;3;99;4;2;2;5;99;4;4;4;4;2;2;3;2;99;4;3;5;2;4;4;99;3;2;4;99;4;4;3;-0.083333333;0;0.25;Czech Republic;Czech Republic
KSCM;4;2;4;4;2;4;4;99;4;2;5;3;4;1;4;4;4;1;5;3;3;4;2;4;1;4;4;4;1;5;-0.714285714;-0.125;0;Czech Republic;Czech Republic
TOP09;5;2;4;2;3;5;2;2;2;4;2;2;2;4;2;2;4;4;2;2;4;4;2;4;2;4;4;3;5;1;0.5;0.125;0.444444444;Czech Republic;Czech Republic
ODS;2;2;4;4;4;4;3;4;2;1;2;2;2;5;2;2;4;5;4;2;4;4;2;4;2;4;2;3;5;2;0.5;0.375;-0.222222222;Czech Republic;Czech Republic
Usvit;4;2;4;5;4;4;4;4;4;2;4;99;3;2;2;99;4;1;5;1;4;4;4;4;99;1;2;2;3;2;-0.6;0.625;-0.222222222;Czech Republic;Czech Republic
KDU_CSL;4;2;4;2;2;5;2;2;3;4;4;4;4;2;2;4;99;4;4;2;3;4;2;5;5;4;2;3;5;1;-0.357142857;0.5;0.388888889;Czech Republic;Czech Republic
SZ;4;2;4;1;2;5;4;2;1;5;4;99;4;2;4;99;3;4;5;4;4;4;2;1;1;4;4;4;4;3;-0.4;-0.625;0.611111111;Czech Republic;Czech Republic
SP;4;2;5;4;4;4;5;4;3;2;4;2;2;2;2;3;4;2;5;3;5;5;99;1;2;1;99;4;4;2;-0.214285714;-0.5;-0.055555556;Czech Republic;Czech Republic
Svobodni;1;1;5;5;5;2;5;5;5;1;1;1;1;5;1;1;5;1;2;2;5;5;1;4;1;2;3;3;3;1;0.642857143;0.25;-0.722222222;Czech Republic;Czech Republic
Socialdemok;4;4;3;2;2;5;3;4;3;2;1;1;2;4;4;4;1;5;3;3;5;2;2;2;4;2;1;1;4;4;-0.642857143;-0.2;0.318181818;Denmark;Denmark
RadikaleVenstre;5;99;5;1;2;5;3;5;1;4;1;1;1;3;3;4;2;2;2;99;99;3;4;4;4;1;1;1;4;5;0;-0.7;0.7;Denmark;Denmark
Konservative;3;3;5;4;3;4;3;3;4;3;1;2;3;2;2;2;3;1;2;99;2;4;1;3;99;4;3;2;5;3;0.5;0.25;0.136363636;Denmark;Denmark
Socialistisk;2;4;3;2;2;4;4;4;3;3;1;1;2;5;5;5;1;5;4;99;4;3;4;4;4;2;1;1;3;4;-0.857142857;-0.6;0.227272727;Denmark;Denmark
LiberalAlliance;2;99;3;4;4;4;4;2;4;3;1;4;4;1;1;1;4;1;1;99;2;4;4;4;5;2;1;1;2;5;0.857142857;-0.8;-0.05;Denmark;Denmark
Folkeparti;1;1;1;5;5;2;5;1;4;1;5;2;5;4;4;3;2;4;2;2;4;4;1;2;4;3;5;2;5;2;-0.285714286;0.5;-0.727272727;Denmark;Denmark
Venstre;5;99;4;1;4;5;99;4;4;3;1;2;4;1;3;1;2;2;2;3;2;5;2;5;4;2;2;1;5;4;0.428571429;-0.4;0.25;Denmark;Denmark
FolkeModEU;1;1;2;5;2;1;5;1;4;2;5;1;2;4;4;4;99;5;99;5;4;4;99;4;99;99;2;1;99;99;-0.6;;-0.409090909;Denmark;Denmark
Conservatives;1;1;2;5;4;3;5;2;3;2;2;2;1;4;1;2;2;4;2;2;2;3;2;4;2;3;5;5;3;2;0.666666667;0;-0.5625;England;England
Labour;3;3;4;2;2;4;3;2;1;4;4;4;4;2;2;4;2;3;5;3;4;3;4;2;2;2;5;5;2;4;-0.416666667;-0.583333333;0.4375;England;England
LibDems;4;3;4;2;2;5;4;2;1;4;3;4;4;2;3;4;2;4;4;2;3;4;4;2;1;2;3;5;2;4;-0.416666667;-0.583333333;0.5625;England;England
Greens;1;2;5;4;1;4;5;1;2;2;5;5;4;2;4;5;4;2;5;5;4;4;4;2;1;1;1;5;2;5;-0.75;-0.75;0.0625;England;England
UKIP;1;2;1;5;5;1;5;4;5;1;2;2;2;4;2;2;4;3;1;1;1;99;99;5;4;99;3;2;4;1;0.583333333;0.75;-0.9375;England;England
Reformierakond;5;4;5;2;4;5;2;4;2;3;2;1;4;2;2;4;4;4;5;2;3;2;2;2;1;4;2;4;4;4;0.625;0.333333333;0.75;Estonia;Estonia
Keskerakond;4;4;4;2;2;4;4;2;4;4;4;5;1;4;5;2;2;1;1;4;4;4;2;3;2;4;2;2;4;3;-0.75;0;0.5;Estonia;Estonia
IRL;5;3;4;2;2;5;3;4;2;4;2;2;4;2;2;5;3;4;5;2;2;4;4;5;2;5;5;4;1;4;0.5;-0.5;0.5;Estonia;Estonia
Sotsiaaldemokraadid;4;4;5;2;2;5;3;3;2;4;4;4;1;4;4;3;3;2;1;4;3;4;99;2;2;4;2;1;4;1;-0.5;0.166666667;0.625;Estonia;Estonia
Rohelised;4;2;4;2;2;4;4;99;2;4;3;2;4;3;2;4;1;3;4;4;4;4;2;2;2;4;99;2;4;99;0.25;0.166666667;0.25;Estonia;Estonia
Konservatiivne;2;1;2;4;3;2;4;4;1;1;2;4;4;2;3;4;2;4;4;1;2;2;4;5;4;5;4;2;4;4;0.125;-0.833333333;-0.625;Estonia;Estonia
Kokoomus;5;4;5;2;2;5;1;3;1;2;1;2;2;2;3;2;3;2;4;5;2;3;3;4;4;3;2;4;3;4;0.333333333;0;0.833333333;Finland;Finland
SDP;5;4;4;1;2;5;2;4;1;3;2;4;4;5;1;4;4;2;3;4;3;2;4;4;2;1;1;4;2;3;-0.666666667;0.375;0.75;Finland;Finland
Perus;3;1;4;5;5;2;4;4;4;4;1;4;4;4;2;2;2;2;4;4;2;1;3;4;4;5;3;5;4;4;-0.166666667;-0.625;-0.416666667;Finland;Finland
Keskusta;4;2;4;4;3;4;4;4;1;1;1;2;2;4;2;2;2;2;2;4;2;2;3;4;2;4;2;3;3;3;0.166666667;-0.125;0;Finland;Finland
Vasem;4;2;4;3;2;4;4;4;1;99;2;5;5;5;1;5;5;5;1;2;4;4;4;4;2;1;1;3;2;1;-1;0.875;0.083333333;Finland;Finland
Vihrea;4;4;5;2;3;5;4;2;1;2;3;3;3;4;2;4;3;3;1;4;2;4;5;4;2;1;2;4;1;1;-0.25;0.75;0.5;Finland;Finland
SFP.RKP;5;4;5;2;3;5;2;3;1;3;2;2;3;3;3;2;3;2;3;4;99;4;3;4;3;2;2;4;2;3;0.166666667;0.375;0.75;Finland;Finland
Kristil;4;1;5;5;4;4;2;4;5;4;5;4;2;4;2;3;99;5;2;4;1;2;4;4;4;5;5;5;4;4;-0.2;-0.75;0.083333333;Finland;Finland
FG;4;2;2;1;1;1;5;1;5;5;5;5;5;1;5;5;5;1;5;3;5;5;5;1;1;1;2;5;5;4;-1;-0.888888889;-0.071428571;France;France
PS;5;5;2;2;1;5;6;2;6;2;5;5;5;2;5;4;5;3;3;2;3;4;6;1;1;1;6;5;3;3;-0.625;-0.5;0.666666667;France;France
EELV;5;4;5;1;2;5;5;1;4;1;5;5;5;1;5;5;5;3;4;1;3;5;5;1;1;1;1;5;5;5;-0.8125;-0.888888889;0.642857143;France;France
Modem;5;5;3;2;2;5;4;1;2;1;3;2;1;2;2;2;2;5;1;3;2;4;4;2;4;6;3;3;2;2;0.5;0.125;0.642857143;France;France
UMP;5;4;4;2;1;5;6;3;2;2;2;1;2;4;1;1;2;5;1;5;1;2;3;5;5;4;1;3;1;1;0.8125;0.444444444;0.714285714;France;France
Debout;1;1;1;5;5;1;5;5;5;5;5;3;5;2;1;4;5;3;3;2;1;3;3;4;5;2;5;1;1;2;-0.25;0.555555556;-1;France;France
FN;1;1;1;5;3;1;5;5;4;5;3;3;5;2;2;3;6;3;1;3;1;6;4;5;5;2;5;2;1;1;0;0.5625;-0.785714286;France;France
NPA;2;3;2;4;2;1;4;3;3;5;5;5;5;1;5;5;5;1;5;1;5;5;5;1;1;1;1;5;5;5;-1;-1;-0.285714286;France;France
FV;2;2;1;2;2;3;6;2;1;4;3;3;4;4;1;3;3;5;2;5;1;3;4;5;5;5;5;1;1;2;0.3125;0.666666667;0;France;France
RC;3;4;4;1;2;2;6;1;2;1;5;6;1;2;2;6;6;4;6;1;5;4;4;2;1;1;2;4;4;4;0.1;-0.666666667;0.357142857;France;France
CDU_CSU;5;2;5;2;2;5;3;5;2;4;5;2;2;3;2;3;2;3;2;4;4;2;2;4;3;5;3;5;5;4;0.25;0.416666667;0.357142857;Germany;Germany
SPD;5;4;5;2;1;5;4;2;4;2;2;4;4;4;4;1;3;5;1;3;3;4;4;4;2;1;1;4;4;1;-0.583333333;-0.5;0.785714286;Germany;Germany
FDP;5;6;5;1;4;5;5;5;2;5;2;4;1;2;1;4;2;2;2;4;4;4;4;5;6;1;2;4;4;1;0.666666667;-0.5;0.416666667;Germany;Germany
Grunen;5;4;5;1;2;5;4;1;2;2;2;5;4;3;4;2;4;4;4;1;3;4;4;4;3;1;2;1;4;2;-0.416666667;-0.666666667;0.857142857;Germany;Germany
Linke;4;2;5;3;1;3;5;2;5;2;3;5;5;5;5;1;4;5;3;2;2;4;5;5;6;1;1;2;1;1;-0.916666667;-0.833333333;0.357142857;Germany;Germany
AfD;2;1;4;4;4;4;5;5;5;5;5;2;3;1;2;6;2;6;4;4;4;2;4;6;6;4;4;6;4;1;0.5;0.25;-0.357142857;Germany;Germany
ND;5;2;4;3;2;5;2;2;4;2;2;2;2;4;1;3;4;5;2;1;2;2;1;1;4;2;4;4;3;2;0.3125;0.142857143;0.416666667;Greece;Greece
Syriza;4;2;5;4;1;4;5;4;3;5;5;5;4;1;5;5;5;4;5;5;4;5;5;2;1;1;1;1;4;1;-0.875;-0.857142857;0.083333333;Greece;Greece
Elia;5;99;5;1;2;5;3;2;4;5;2;3;4;2;1;4;2;3;1;1;4;4;1;1;1;1;2;1;5;1;0.0625;-0.857142857;0.9;Greece;Greece
ANEL;4;1;4;4;5;2;5;5;1;5;4;4;4;2;4;5;5;1;4;1;1;99;4;1;4;3;4;5;2;4;-0.4375;0.571428571;-0.333333333;Greece;Greece
GD;3;2;2;5;3;1;5;5;3;4;5;2;4;1;4;5;5;2;5;1;99;4;4;4;5;5;5;5;1;5;-0.4375;1;-0.666666667;Greece;Greece
KKE;3;1;5;5;3;1;5;5;1;5;5;5;5;1;5;5;5;5;5;4;4;5;5;1;5;1;5;1;4;1;-1;-0.285714286;-0.5;Greece;Greece
DIMAR;5;4;4;1;2;5;4;5;4;5;4;2;3;2;1;4;3;4;3;1;4;4;2;1;1;2;2;1;5;1;-0.125;-0.785714286;0.5;Greece;Greece
Potami;5;4;5;1;1;5;99;99;5;4;4;3;3;1;2;3;4;4;3;5;5;99;3;2;1;1;2;1;5;1;-0.125;-0.928571429;0.9;Greece;Greece
Greens;5;4;5;2;1;4;5;2;4;4;4;3;3;2;4;5;4;4;5;5;5;4;5;1;1;1;1;1;4;1;-0.5;-0.928571429;0.666666667;Greece;Greece
Drassi;5;5;5;1;2;5;2;1;5;1;1;1;1;4;1;1;2;1;1;2;5;4;2;1;1;1;1;1;5;1;1;-1;1;Greece;Greece
Fidesz;4;2;4;4;1;4;2;99;4;5;4;4;3;4;3;4;3;5;4;2;4;2;3;4;4;5;4;5;5;3;-0.5;-0.6;0.071428571;Hungary;Hungary
MSZP;1;4;4;2;2;5;1;2;4;2;2;2;4;4;2;4;4;2;3;2;4;3;5;3;2;4;2;99;2;2;0;0.25;0.375;Hungary;Hungary
Jobbik;1;2;2;5;2;1;3;4;1;2;3;5;4;4;2;3;4;4;4;4;3;2;2;1;4;5;4;4;2;4;-0.625;-0.6;-0.6875;Hungary;Hungary
LMP;5;4;4;3;2;5;3;4;4;2;2;5;4;4;1;4;4;4;1;2;5;2;4;5;1;3;1;3;4;1;-0.625;0.2;0.4375;Hungary;Hungary
E14;4;3;4;3;2;5;2;4;5;1;2;4;4;3;2;2;4;2;3;4;4;99;4;5;99;3;2;4;4;99;-0.125;0.125;0.375;Hungary;Hungary
DK;5;5;4;2;1;5;1;2;5;1;2;4;3;3;1;2;2;2;3;1;5;3;4;2;3;1;1;3;4;4;0;0.5;0.75;Hungary;Hungary
FF;5;2;4;4;2;5;5;2;2;4;3;4;2;1;4;2;4;2;3;5;3;3;4;3;5;2;1;4;5;3;0.055555556;-0.1;0.3;Ireland;Ireland
FG;5;3;5;4;2;5;99;2;2;4;1;3;3;1;5;3;4;1;5;5;1;2;4;3;4;1;1;4;5;5;0.222222222;0;0.5;Ireland;Ireland
Labour;5;99;4;3;2;5;99;2;2;4;3;4;2;2;5;4;4;1;4;5;1;2;4;4;99;1;1;3;4;2;-0.111111111;-0.25;0.625;Ireland;Ireland
SF;5;1;4;4;2;3;5;3;4;5;5;5;1;4;5;5;3;5;1;5;5;5;4;4;4;1;1;4;5;2;-0.722222222;-0.1;0;Ireland;Ireland
Greens;5;3;4;4;2;4;4;2;3;4;4;4;2;3;4;2;1;2;5;5;3;99;4;5;4;2;1;99;4;3;-0.125;-0.5;0.3;Ireland;Ireland
Socialists;2;1;4;5;2;2;5;4;4;5;5;5;1;5;5;5;2;5;1;1;5;5;5;5;5;2;1;1;2;1;-1;-0.9;-0.5;Ireland;Ireland
PD;5;4;5;2;2;5;2;4;2;4;2;2;4;4;3;4;4;3;4;2;4;1;4;1;2;5;2;4;2;5;-0.1;-0.5;0.8;Italy;Italy
FI;3;6;4;2;2;2;2;2;1;1;4;2;1;3;4;4;1;4;1;4;2;3;4;3;5;2;4;4;1;1;0.8;0.571428571;0.125;Italy;Italy
LegaNord;1;2;1;4;5;1;4;2;2;2;4;2;4;4;4;2;1;4;1;2;4;5;4;3;4;1;5;5;2;3;0.3;0.5;-0.8;Italy;Italy
NCD.UDC;5;4;4;2;4;4;6;2;2;2;4;2;2;4;4;4;1;4;2;4;2;2;5;5;5;2;4;4;1;4;0.5;0.714285714;0.6;Italy;Italy
M5S;2;6;2;3;2;1;5;5;2;4;3;3;4;5;1;2;2;1;2;5;4;3;2;1;2;6;3;5;4;5;-0.3;-0.333333333;-0.5;Italy;Italy
FDI;2;6;3;4;2;1;4;1;3;1;2;1;2;4;3;2;1;6;1;2;1;3;5;4;5;2;5;3;6;3;0.7;0.857142857;-0.5;Italy;Italy
Lista.Tsipras;5;6;5;1;1;3;3;4;5;5;1;5;5;5;1;2;4;1;5;2;5;2;1;1;1;5;1;2;5;5;-0.9;-1;0.75;Italy;Italy
ScelteEur;5;4;5;1;3;5;2;1;1;2;3;1;1;1;4;5;4;4;4;4;3;1;3;2;6;4;4;5;1;4;0.9;-0.166666667;0.9;Italy;Italy
LSDP;5;2;4;2;1;5;2;4;5;5;4;5;1;5;4;2;3;2;4;2;3;4;4;1;3;1;4;3;3;3;-0.6;-0.2;0.428571429;Lithuania;Lithuania
DP;5;2;4;3;2;5;4;4;4;4;2;4;2;3;2;4;3;2;3;3;99;4;4;3;4;2;4;4;3;3;-0.2;0;0.285714286;Lithuania;Lithuania
TS.LKD;5;2;4;2;2;5;2;1;4;3;3;3;3;1;2;3;3;1;5;1;2;3;3;2;5;5;5;3;1;3;0.3;0.7;0.571428571;Lithuania;Lithuania
LRLS;4;2;5;2;2;5;3;3;3;2;2;1;5;2;2;3;3;3;5;2;4;5;5;2;2;1;3;3;3;2;0.8;-0.6;0.357142857;Lithuania;Lithuania
Tvarka;3;2;4;4;2;4;4;3;2;4;2;3;2;3;4;3;3;2;3;3;2;3;3;4;5;4;4;3;3;2;-0.3;0.5;-0.071428571;Lithuania;Lithuania
LLRA;3;2;4;3;2;4;3;4;4;4;3;4;2;4;4;99;2;3;4;3;2;99;99;3;5;5;4;3;3;2;-0.3;0.75;0.071428571;Lithuania;Lithuania
LVZS;3;2;4;4;2;4;4;3;4;4;4;4;2;4;4;3;2;5;1;3;2;99;5;2;4;3;4;4;2;2;-0.6;0.1;0.071428571;Lithuania;Lithuania
VVD;4;4;2;4;5;4;1;5;4;4;4;1;1;1;4;2;1;99;4;5;5;2;1;5;3;1;2;3;3;4;0.6;0;-0.083333333;Netherlands;Netherlands
PvdA;4;3;2;2;2;4;3;3;2;3;3;4;1;4;2;4;4;2;2;2;1;2;4;5;2;1;1;1;4;1;-0.1;0;0.25;Netherlands;Netherlands
PVV;1;1;1;5;5;1;5;5;5;2;5;2;1;2;4;2;5;4;4;4;5;1;2;99;5;2;3;4;1;2;0.2;-0.25;-0.666666667;Netherlands;Netherlands
SP;3;2;2;5;2;3;5;5;4;1;5;5;2;5;1;5;5;5;3;2;1;2;4;5;2;1;1;1;4;2;-0.3;0.083333333;0;Netherlands;Netherlands
CDA;5;3;4;2;2;5;2;5;4;5;5;4;2;2;5;2;2;3;3;2;5;5;2;99;4;2;2;4;4;4;0.6;-0.166666667;0.75;Netherlands;Netherlands
D66;5;4;5;2;3;5;3;2;2;4;1;2;2;2;3;3;2;2;4;2;4;2;5;4;2;1;1;1;4;4;0.3;0.25;0.416666667;Netherlands;Netherlands
CU.SGP;4;2;3;4;1;4;2;5;4;5;4;4;1;4;3;2;3;4;3;3;3;2;3;4;3;5;5;5;3;4;0.2;-0.083333333;0.333333333;Netherlands;Netherlands
GL;5;4;5;2;2;5;4;2;2;2;2;5;2;4;2;4;4;3;1;1;1;3;4;4;2;1;1;1;5;2;-0.1;0;0.583333333;Netherlands;Netherlands
PvdD;4;2;2;5;5;4;5;5;5;2;5;5;4;2;2;4;4;4;1;1;3;2;5;5;3;1;1;1;5;1;0.1;-0.166666667;-0.083333333;Netherlands;Netherlands
50PLUS;5;2;4;2;3;4;5;4;4;4;4;5;1;3;2;2;5;2;3;1;2;2;2;99;3;2;2;2;4;3;0.1;0;0.5;Netherlands;Netherlands
DUP;1;1;2;5;4;2;5;99;2;2;2;4;3;2;4;4;99;1;3;3;5;5;5;99;5;1;4;4;4;2;0.428571429;-0.75;-0.75;Northern Ireland;Northern Ireland
SF;5;1;4;5;2;3;5;4;5;5;5;2;4;5;5;3;4;4;1;2;1;3;4;2;1;5;1;1;1;5;-0.857142857;0.928571429;0;Northern Ireland;Northern Ireland
SDLP;5;4;5;4;2;5;3;4;5;4;4;2;5;4;2;3;4;4;2;2;2;4;4;99;1;1;2;2;1;4;-0.642857143;0.428571429;0.583333333;Northern Ireland;Northern Ireland
UUP;1;2;2;5;4;4;5;99;4;3;2;4;2;2;2;4;1;2;4;3;3;3;4;99;5;1;5;4;1;2;0.285714286;-0.5;-0.5;Northern Ireland;Northern Ireland
Alliance;4;3;5;2;2;4;3;99;4;4;3;2;3;3;3;4;4;4;2;2;2;3;4;99;3;1;1;2;1;5;-0.357142857;0.357142857;0.5;Northern Ireland;Northern Ireland
PO;5;3;5;1;2;5;2;1;1;3;4;2;2;4;2;4;4;4;2;2;4;4;4;4;2;5;3;2;2;2;-0.1;-0.142857143;0.785714286;Poland;Poland
PiS;1;2;4;5;2;4;3;1;5;3;5;2;4;5;3;4;2;2;4;4;5;5;5;3;4;2;5;2;5;4;-0.7;0.785714286;0;Poland;Poland
PSL;5;2;4;3;1;5;3;4;4;3;4;2;4;4;2;4;2;4;2;2;4;4;4;2;4;2;4;2;4;4;-0.4;0.5;0.357142857;Poland;Poland
SLD.UP;5;4;5;2;1;5;2;3;5;3;5;1;4;5;3;4;4;4;4;99;1;2;4;2;2;4;1;4;1;1;-0.8;-0.785714286;0.714285714;Poland;Poland
SP;1;2;4;5;3;3;3;1;4;2;3;1;3;4;4;4;3;2;2;4;4;5;5;2;5;2;4;2;4;4;-0.3;0.571428571;-0.142857143;Poland;Poland
Europa.;5;4;4;1;2;5;4;2;3;2;3;3;3;4;3;3;4;4;4;2;1;1;1;2;2;5;1;4;1;1;0;-0.857142857;0.714285714;Poland;Poland
NP;1;1;4;5;5;1;2;4;1;1;1;5;1;2;5;5;2;5;4;4;5;5;2;3;5;3;4;3;2;4;0.9;0.571428571;-0.714285714;Poland;Poland
RN;1;1;2;5;99;1;4;4;2;2;4;4;2;3;5;4;1;3;4;99;5;5;5;99;4;2;5;1;4;5;0.2;0.857142857;-0.833333333;Poland;Poland
PR;1;1;4;4;4;4;4;2;3;1;1;2;2;3;4;4;4;4;99;2;5;5;5;99;4;2;4;2;2;4;0.3;0.357142857;-0.214285714;Poland;Poland
Alianca;5;4;5;2;2;5;2;5;2;1;2;2;1;2;2;5;2;4;2;4;4;2;3;4;3;4;4;4;5;4;0.5;0.25;0.8;Portugal;Portugal
CDU;2;2;5;5;1;1;4;1;5;5;5;1;5;5;5;2;5;1;4;1;1;5;2;5;3;2;1;5;2;1;-1;-0.333333333;-0.8;Portugal;Portugal
BE;4;2;5;4;1;1;5;2;5;4;5;1;5;5;5;1;5;1;5;1;1;4;2;5;2;1;1;1;4;2;-0.909090909;-0.666666667;-0.4;Portugal;Portugal
PS;5;4;5;2;2;5;3;5;4;2;4;2;2;4;2;99;4;2;4;2;1;4;2;4;3;1;1;3;5;1;-0.318181818;-0.416666667;0.8;Portugal;Portugal
Livre;5;4;5;3;1;2;5;4;5;99;4;1;5;5;4;2;5;1;5;2;1;4;4;5;99;1;1;99;4;1;-0.9;-0.8;0.3;Portugal;Portugal
MPT;4;99;4;5;2;2;4;5;5;99;5;2;4;3;5;99;4;2;3;99;1;2;4;4;1;3;5;5;99;1;-0.7;0.25;0;Portugal;Portugal
PCTP;1;2;5;5;1;1;5;1;5;5;5;1;5;5;5;1;5;1;4;1;1;3;2;5;3;2;1;1;99;1;-1;-0.5;-0.9;Portugal;Portugal
PAN;4;3;4;4;2;2;99;4;4;5;4;2;4;4;2;99;4;4;5;1;1;4;99;5;99;1;99;99;99;1;-0.454545455;-0.833333333;0;Portugal;Portugal
PSD;5;6;4;2;2;5;2;2;4;3;3;4;2;4;4;2;2;2;1;3;3;2;2;5;1;4;2;5;4;2;-0.333333333;0.6;0.5;Romania;Romania
PNL;5;6;4;2;2;4;2;2;4;2;2;1;4;2;3;2;4;5;2;6;4;3;2;5;1;4;2;5;4;2;0.583333333;0.75;0.416666667;Romania;Romania
PDL;5;4;4;2;1;5;2;2;1;2;1;2;3;1;2;1;2;5;5;2;2;4;3;5;4;4;4;5;4;4;0.583333333;0.7;0.75;Romania;Romania
PMP;5;4;4;2;1;5;2;2;2;2;2;1;3;2;3;2;3;4;5;3;3;6;3;3;6;6;3;5;3;4;0.416666667;0.25;0.666666667;Romania;Romania
UDMR;4;4;4;2;2;5;6;2;2;3;3;3;2;2;3;2;4;4;1;4;4;4;2;2;3;4;4;1;1;1;0;-0.5;0.583333333;Romania;Romania
PPDD;3;2;4;4;1;4;4;6;3;4;4;5;1;4;4;5;4;1;5;1;4;4;4;5;4;4;1;5;5;2;-0.75;0.9;0.1;Romania;Romania
Labour;3;3;4;2;2;4;3;2;1;4;4;4;2;2;4;2;3;5;3;4;3;4;2;2;2;5;5;2;5;2;-0.375;0.2;0.428571429;Scotland;Scotland
SNP;3;2;4;4;4;5;4;99;2;4;4;4;3;4;5;2;4;3;4;4;4;4;2;2;2;4;5;2;1;1;-0.4375;0.55;0.071428571;Scotland;Scotland
Conservatives;1;1;2;5;4;3;5;2;3;2;2;1;4;1;2;2;4;2;2;2;3;2;4;2;3;5;5;3;5;2;0.625;-0.15;-0.571428571;Scotland;Scotland
LibDems;4;3;4;2;2;5;4;2;1;3;4;4;2;3;4;2;4;4;2;3;4;4;2;1;2;3;5;2;5;2;-0.25;0.35;0.571428571;Scotland;Scotland
UKIP;1;2;1;5;5;1;5;4;5;2;2;2;4;2;2;4;3;1;1;1;99;99;5;4;99;3;2;4;5;4;0.625;-0.625;-0.928571429;Scotland;Scotland
Greens;1;2;5;4;1;4;5;1;2;5;5;4;2;4;5;4;2;5;5;4;4;4;2;1;1;1;5;2;2;1;-0.8125;0.7;0.142857143;Scotland;Scotland
KDH;5;2;4;4;2;4;4;99;3;5;2;2;3;4;4;3;1;3;2;4;1;2;99;3;2;5;5;5;4;4;-0.3;0.6;0.25;Slovakia;Slovakia
LSNS;1;1;2;5;2;1;3;5;5;4;5;5;4;2;4;3;2;4;4;99;99;1;3;4;4;5;4;5;1;1;-0.25;0.9;-0.9375;Slovakia;Slovakia
MostHid;5;3;4;2;2;5;2;3;2;4;2;3;2;2;2;4;2;2;2;4;3;4;4;2;1;2;3;4;4;4;0.3;-0.2;0.5;Slovakia;Slovakia
NOVA;4;2;4;4;2;5;5;4;2;5;4;3;2;2;2;99;2;3;2;4;4;2;2;3;2;3;3;3;2;3;0.2;0.2;0.125;Slovakia;Slovakia
OLANO;4;2;4;4;2;4;4;99;99;5;4;4;99;1;99;3;1;2;99;4;3;3;4;4;99;2;3;4;4;4;0.333333333;-0.1;-0.071428571;Slovakia;Slovakia
SaS;4;1;4;4;4;3;4;4;4;5;5;4;2;2;1;4;1;2;2;2;4;3;4;99;2;1;1;1;4;2;0.6;-0.7;-0.3125;Slovakia;Slovakia
SDKU_DS;5;3;4;2;2;5;2;4;2;5;3;3;1;2;1;4;2;2;2;3;4;99;4;2;2;3;2;4;99;4;0.6;0;0.4375;Slovakia;Slovakia
SMER_SD;5;3;4;4;1;5;2;2;4;2;1;3;5;2;5;1;3;5;2;5;4;2;2;2;2;4;2;4;2;2;-0.7;0.3;0.3125;Slovakia;Slovakia
SMK;5;3;4;2;2;5;4;99;2;4;2;99;4;2;2;2;2;3;99;4;4;4;2;99;99;3;4;4;4;4;0;0;0.571428571;Slovakia;Slovakia
SNS;3;1;2;5;2;3;4;4;4;4;5;2;4;1;4;2;2;4;4;4;2;1;4;2;2;5;2;5;1;1;-0.2;0.7;-0.4375;Slovakia;Slovakia
SDS;5;4;2;2;2;5;2;2;2;2;2;3;1;2;2;4;1;1;2;4;2;2;5;4;4;3;2;1;1;5;0.625;0.666666667;0.5;Slovenia;Slovenia
SD;4;99;2;3;1;4;2;4;5;4;5;1;5;4;4;1;5;5;4;2;2;2;2;1;4;4;4;5;4;1;-0.875;-0.5;0.125;Slovenia;Slovenia
PS;4;99;2;4;2;4;2;4;4;3;4;2;4;3;4;2;4;4;4;2;2;2;2;1;4;5;2;5;4;2;-0.375;-0.333333333;0;Slovenia;Slovenia
DeSUS;4;99;2;3;2;4;2;4;5;2;4;2;3;3;4;2;4;3;4;2;2;2;2;1;4;4;4;4;3;3;-0.25;-0.166666667;0.125;Slovenia;Slovenia
NSi;5;3;1;3;2;5;2;2;2;1;1;3;1;2;3;4;1;1;1;2;3;2;5;5;4;2;2;1;1;5;0.75;0.833333333;0.2;Slovenia;Slovenia
SLS;4;99;2;3;2;4;2;2;2;2;2;3;2;2;4;3;2;2;2;2;4;2;5;4;4;2;3;3;2;5;0.4375;0.666666667;0.125;Slovenia;Slovenia
DS;5;99;2;99;2;4;2;99;2;2;1;4;1;2;4;4;2;1;4;2;2;2;2;2;4;4;3;4;4;3;0.6875;0;0.333333333;Slovenia;Slovenia
PP;5;99;4;1;2;5;2;99;1;1;2;4;1;1;1;5;2;1;1;4;5;5;5;3;5;5;4;5;5;1;0.833333333;0.65;1;Spain;Spain
PSOE;5;4;4;2;2;5;4;5;4;4;4;2;4;4;4;3;3;4;4;99;1;1;3;4;4;2;4;2;4;3;-0.5;-0.45;0.75;Spain;Spain
IU;4;99;5;99;1;2;5;1;5;5;5;1;5;5;5;2;5;5;5;99;1;1;2;5;5;1;4;4;2;5;-1;-0.95;0;Spain;Spain
UpyD;5;5;5;1;2;4;2;2;4;4;3;2;3;3;2;4;2;4;4;99;3;3;4;3;1;3;1;3;5;4;-0.25;0.05;0.875;Spain;Spain
PNV_CiU;5;99;5;2;5;5;99;2;2;2;2;4;1;1;99;4;2;99;2;4;4;3;2;2;5;5;5;99;1;3;0.666666667;0.166666667;0.833333333;Spain;Spain
ERC;4;99;5;1;2;5;5;2;5;5;5;1;5;4;4;2;5;4;5;2;1;1;1;5;5;1;5;1;1;5;-0.916666667;-0.95;0.833333333;Spain;Spain
BNG_Bildu;99;99;5;99;1;99;5;5;5;5;5;1;5;5;5;2;5;5;5;99;1;1;1;99;5;1;5;3;1;5;-1;-1;;Spain;Spain
Podemos;3;2;5;4;1;4;5;1;5;5;5;1;5;5;5;2;5;5;5;99;1;1;1;5;5;1;5;1;2;5;-1;-1;-0.125;Spain;Spain
Equo;5;4;5;1;2;5;5;1;4;4;5;1;4;4;5;1;5;5;5;2;1;1;1;5;99;1;4;1;2;5;-0.666666667;-1;0.875;Spain;Spain
VOX;99;99;2;99;5;4;99;4;1;1;1;5;1;1;4;4;1;99;1;99;5;5;5;1;1;5;1;2;5;1;1;1;;Spain;Spain
Socialdemok;3;4;4;2;2;5;1;4;4;4;4;5;5;2;5;4;4;3;1;2;5;3;4;1;1;1;5;4;1;2;-0.75;0.9;0.571428571;Sweden;Sweden
Moder;3;2;5;2;3;5;6;3;4;4;2;3;3;4;4;3;6;1;5;3;3;2;4;3;2;1;5;5;2;5;0.1875;0.5;0.416666667;Sweden;Sweden
Miljo;1;2;5;4;2;3;5;1;2;5;2;5;4;2;4;3;3;6;1;1;4;4;4;1;1;1;5;1;1;1;-0.5;0.8;-0.357142857;Sweden;Sweden
Folk;5;3;5;1;1;5;1;2;4;2;1;1;2;2;4;2;3;4;2;4;2;3;6;3;1;1;5;3;1;4;0.25;0.625;0.785714286;Sweden;Sweden
Center;1;4;5;2;3;5;4;4;2;4;1;2;1;4;2;2;1;4;5;3;4;3;4;3;1;1;5;2;1;5;0.625;0.8;0.142857143;Sweden;Sweden
Sverigedemok;1;1;1;5;5;2;4;4;5;1;2;3;4;2;4;3;4;2;2;3;1;2;4;4;4;2;5;4;5;5;-0.1875;-0.3;-0.571428571;Sweden;Sweden
Vanster;1;1;4;5;2;1;4;2;1;5;5;5;5;1;5;5;5;1;1;2;4;4;5;2;1;1;1;1;1;2;-0.9375;0.9;-0.714285714;Sweden;Sweden
Kristdemok;2;4;4;2;2;5;4;2;3;2;1;3;3;2;3;2;3;4;4;2;4;2;4;2;4;2;5;4;3;5;0.125;0.2;0.214285714;Sweden;Sweden
Pirat;1;4;5;4;2;2;5;6;2;4;2;4;2;6;4;6;6;5;6;6;5;5;4;2;1;2;3;1;1;5;0;0.8;-0.285714286;Sweden;Sweden
Feminist;3;4;3;3;1;4;5;2;2;5;5;4;5;2;5;4;6;6;1;2;4;5;5;1;1;1;5;2;1;1;-0.75;0.9;-0.071428571;Sweden;Sweden
Conservatives;1;1;2;5;4;3;5;2;3;2;2;1;4;1;2;2;4;2;2;2;3;2;4;2;3;5;5;3;5;2;0.625;-0.0625;-0.571428571;Wales;Wales
Labour;3;3;4;2;2;4;3;2;1;4;4;4;2;2;4;2;3;5;3;4;3;4;2;2;2;5;5;2;5;2;-0.375;0.375;0.428571429;Wales;Wales
LibDems;4;3;4;2;2;5;4;2;1;3;4;4;2;3;4;2;4;4;2;3;4;4;2;1;2;3;5;2;4;1;-0.25;0.5625;0.571428571;Wales;Wales
Plaid;3;3;4;2;1;5;3;3;1;4;5;4;1;4;4;2;3;4;5;4;4;4;2;1;2;4;5;2;2;1;-0.6875;0.5625;0.571428571;Wales;Wales
UKIP;1;2;1;5;5;1;5;4;5;2;2;2;4;2;2;4;3;1;1;1;99;99;5;4;99;3;2;4;4;3;0.625;-0.5;-0.928571429;Wales;Wales
Greens;1;2;5;4;1;4;5;1;2;5;5;4;2;4;5;4;2;5;5;4;4;4;2;1;1;1;5;2;3;1;-0.8125;0.8125;0.142857143;Wales;Wales
